Gênero,Accuracy,Precision,Recall,F1-Score
CEARÁ,1.0,1.0,1.0,1.0
CIÊNCIA,1.0,1.0,1.0,1.0
ECONOMIA,0.75,0.8571428571428571,0.8571428571428571,0.8571428571428571
MUNDO,0.75,0.8,0.8,0.8000000000000002
POLÍTICA,1.0,1.0,1.0,1.0
SÃO PAULO,1.0,1.0,1.0,1.0
