Gênero,Accuracy,Precision,Recall,F1-Score
CEARÁ,1.0,1.0,1.0,1.0
CIÊNCIA,0.875,1.0,0.875,0.9333333333333333
ECONOMIA,0.875,0.875,1.0,0.9333333333333333
MUNDO,1.0,1.0,1.0,1.0
POLÍTICA,1.0,1.0,1.0,1.0
SÃO PAULO,1.0,1.0,1.0,1.0
